{
	"class_name" : "PinholeCameraParameters",
	"extrinsic" : 
	[
		0.99707034254258742,
		-0.069546210883081355,
		-0.031844254957739973,
		0.0,
		-0.017592225028138821,
		-0.61365997034666753,
		0.78937440699118611,
		0.0,
		-0.074439543527394736,
		-0.78650159907398365,
		-0.61308562942993527,
		0.0,
		-1.0792792533279245,
		-6.9719597211208253,
		125.34025717310004,
		1.0
	],
	"intrinsic" : 
	{
		"height" : 1080,
		"intrinsic_matrix" : 
		[
			935.30743608719376,
			0.0,
			0.0,
			0.0,
			935.30743608719376,
			0.0,
			959.5,
			539.5,
			1.0
		],
		"width" : 1920
	},
	"version_major" : 1,
	"version_minor" : 0
}